source_file_id,repository_path,extraction_method,extraction_status,characters_extracted,detected_dois,notes
SRC0001,Data_centers_6G_中文逐句翻译与通俗解读.docx,python_docx_paragraph_text,success,8036,,Only DOI strings and extraction diagnostics are retained; source text is not committed.
SRC0002,nature energy综述例子集合/Atomistic origins of anharmonic lattice dynamics and thermal expansion in perovskite photovoltaics.pdf,pypdf_page_text,success,88006,10.1002/9781118771327.ch6|10.1021/acs|10.1038/s41560-025-01938-y|10.1155/2011/136127,Only DOI strings and extraction diagnostics are retained; source text is not committed.
SRC0003,nature energy综述例子集合/Challenges and trends in automotive battery recycling.pdf,pypdf_page_text,success,79878,10.1038/s41560-026-02092-9|10.2172/1530874,Only DOI strings and extraction diagnostics are retained; source text is not committed.
SRC0004,"nature energy综述例子集合/Challenges, technological pathways and trade-offs of perovskite solar modules for long-term operation.pdf",pypdf_page_text,success,80656,10.1002/adfm.202523417|10.1038/s41560-026-01969-z|10.1117/12.861226|10.21203/rs.3.rs-4014242/v1,Only DOI strings and extraction diagnostics are retained; source text is not committed.
SRC0005,nature energy综述例子集合/Emerging opportunities for high-temperature solid-state and gas-cycle heat pumps.pdf,pypdf_page_text,success,77612,10.1038/s41560-025-01908-4,Only DOI strings and extraction diagnostics are retained; source text is not committed.
SRC0006,nature energy综述例子集合/Emerging roles of cations in electrocatalytic reduction of CO₂ and CO.pdf,pypdf_page_text,success,83384,10.1038/s41557-025-02010-8|10.1038/s41560-026-01973-3,Only DOI strings and extraction diagnostics are retained; source text is not committed.
SRC0007,nature energy综述例子集合/Formation pathway of high-efficiency kesterite solar cells fabricated through molecular ink chemistry.pdf,pypdf_page_text,success,99091,10.1038/s41560-025-01900-y|10.13039/501100011033),Only DOI strings and extraction diagnostics are retained; source text is not committed.
SRC0008,nature energy综述例子集合/Mitigating lead toxicity towards safer commercialization of perovskite solar cells.pdf,pypdf_page_text,success,81314,10.1038/s41560-026-02037-2,Only DOI strings and extraction diagnostics are retained; source text is not committed.
SRC0009,nature energy综述例子集合/Present status of and future opportunities for all-perovskite tandem photovoltaics.pdf,pypdf_page_text,success,102846,10.1038/s41560-025-01782-0,Only DOI strings and extraction diagnostics are retained; source text is not committed.
SRC0010,nature energy综述例子集合/Spin-related and non-spin-related effects of magnetic fields on water oxidation.pdf,pypdf_page_text,success,81854,10.1038/s41560-025-01744-6,Only DOI strings and extraction diagnostics are retained; source text is not committed.
SRC0011,nature energy综述例子集合/Stabilizing lithium-metal electrodes with polymer coatings.pdf,pypdf_page_text,success,72710,10.1038/s41560-025-01767-z,Only DOI strings and extraction diagnostics are retained; source text is not committed.
SRC0012,nature energy综述例子集合/Upscaling high-areal-capacity battery electrodes.pdf,pypdf_page_text,success,80395,10.1038/s41560-025-01720-0,Only DOI strings and extraction diagnostics are retained; source text is not committed.
SRC0013,周跃宽本人论文/2024 An electricity-driven mobility circular economy with lifecycle carbon footprints for climate-adaptive carbon neutrality transformation.pdf,pypdf_page_text,success,68692,10.1002/aenm|10.1038/s41467-024-49868-9|10.2172/1171780(2015),Only DOI strings and extraction diagnostics are retained; source text is not committed.
SRC0014,周跃宽本人论文/2025 An Integrative lifecycle design approach based on carbon intensity for renewable-battery-consumer energy systems.pdf,pypdf_page_text,success,60632,10.1038/s44172-024-00339-5,Only DOI strings and extraction diagnostics are retained; source text is not committed.
SRC0015,周跃宽本人论文/2025 City information models for optimal EV charging and energy-resilient renaissance.pdf,pypdf_page_text,success,114275,10.1016/j|10.1016/j.apenergy.2017.05.018|10.1016/j.apenergy.2022.119131|10.1016/j.enconman.2019.112350|10.1016/j.energy.2024.131469|10.1016/j.jcle-|10.1016/j.rser.2021|10.1016/j.ynexs.2025.100056|10.1038/nenergy.2016.112|10.1038/nenergy.2016.131|10.1038/s41467-|10.1038/s41467-022-32835-7|10.1038/s41598-023-48717-x|10.1186/s41601-018-0076-2,Only DOI strings and extraction diagnostics are retained; source text is not committed.
SRC0016,周跃宽本人论文/2025 Lifecycle carbon intensity with embodied emissions of battery and hydrogen-driven integrative low-carbon systems.pdf,pypdf_page_text,success,84826,10.1038/s44172-025-00411-8,Only DOI strings and extraction diagnostics are retained; source text is not committed.
SRC0017,周跃宽本人论文/2026 Integrating renewable energy with electricvehicle charging infrastructure in China A strategyfor enhanced accessibility and carbon abatement.pdf,pypdf_page_text,success,72308,10.1007/978-981-15-9251-5_10|10.1007/978-981-97-|10.1016/j|10.1016/j.apenergy|10.1016/j.apenergy.2021|10.1016/j.apenergy.2022.119131|10.1016/j.apenergy.2024.124894|10.1016/j.compeleceng|10.1016/j.crsus.2023|10.1016/j.eiar.2024.107668|10.1016/j.eiar.2024.107770|10.1016/j.energy.2019.04.080|10.1016/j.energy.2022|10.1016/j.energy.2025.134473|10.1016/j.rser.2019|10.1016/j.scitotenv.2021.152870|10.1016/j.scs|10.1016/j.ynexs.2025.100056|10.1016/j.ynexs.2025.100113|10.1021/es505621s|10.1038/s41467-024-|10.1038/s41467-024-48450-7|10.1038/s41467-024-48477-w|10.1038/s41467-024-51554-9|10.1038/s41467-025-60091-y|10.1038/s41560-021-00937-z|10.1038/s41560-022-01105-7|10.1038/s41560-024-|10.1038/s41598-022-08942-2|10.1038/s41598-023-50825-7|10.1038/s41598-024-77662-6|10.1038/s41598-024-81449-0|10.1038/s41598-025-00265-2|10.1038/s41598-025-91106-9|10.1038/s41893-019-0388-x|10.1038/s41893-022-01058-5|10.1038/s44333-|10.1038/s44333-024-00019-z|10.1257/aer.20150897|10.3390/ijgi12120478|10.5194/essd-2024-217|10.5281/zenodo.12674244|10.7759/cureus.41932,Only DOI strings and extraction diagnostics are retained; source text is not committed.
SRC0018,"周跃宽本人论文/March 18, 2025 Energy-resilient climate adaptation using a tailored life-cycle integrative design approach for national carbon abatement.pdf",pypdf_page_text,success,97412,10.1007/978-3-031-62470-4_18|10.1016/bs.mcps.2022.04.005|10.1016/j|10.1016/j.apenergy|10.1016/j.apenergy.2020|10.1016/j.enbuild.2024.114004|10.1016/j.eneco.2017.08.022|10.1016/j.est.2020.101368|10.1016/j.joule.2020.01.007|10.1016/j.joule.2021.03.023|10.1016/j.oneear.2024.01.006|10.1016/j.renene.2019.09.123|10.1016/j.renene.2020.07.022|10.1016/j.rser.2022.112671|10.1016/j.segan.2021.100439|10.1016/j.xcrp.2024.102306|10.1017/s0020782900004253|10.1038/452520a|10.1038/s41467-|10.1038/s41467-019-|10.1038/s41467-021-21502-y|10.1038/s41467-023-36827-z|10.1038/s41467-023-38987-4|10.1038/s41467-023-40337-3|10.1038/s41467-024-49725-9|10.1038/s41467-024-49868-9|10.1038/s41558-|10.1038/s41558-024-01978-4|10.1038/s41560-020-0664-z|10.1038/s41560-023-01304-w|10.1038/s41893-019-0222-5|10.1038/s43017-020-0101-7|10.1038/s43017-021-|10.5281/zenodo,Only DOI strings and extraction diagnostics are retained; source text is not committed.
SRC0019,周跃宽的idea.docx,python_docx_paragraph_text,success,12670,,Only DOI strings and extraction diagnostics are retained; source text is not committed.
SRC0020,案例论文/AI数据中心作为电网互动型资产_逐段翻译与深度解读.docx,python_docx_paragraph_text,success,28202,10.1038/s41560-025-01927-1,Only DOI strings and extraction diagnostics are retained; source text is not committed.
SRC0021,案例论文/s41560-025-01927-1(1).pdf,pypdf_page_text,success,43268,10.1038/s41560-025-01927-1|10.1109/ipdps47924.2020.00087|10.1109/ipdpsw55747.2022.00122|10.1145/3620678.3624793|10.1145/3632775.3661959|10.17226/29101|10.2172/1236451,Only DOI strings and extraction diagnostics are retained; source text is not committed.
