source_file_id,repository_path,extension,byte_size,sha256,role,extraction_status,notes
SRC0001,Data_centers_6G_中文逐句翻译与通俗解读.docx,.docx,16823061,7c96968ef5d9d4ab57fd9a5e9176340126ecd7cc0fd349b7f04fe42703411929,reading_aid,available_local,Secondary reading aid; never cited instead of the original source.
SRC0002,nature energy综述例子集合/Atomistic origins of anharmonic lattice dynamics and thermal expansion in perovskite photovoltaics.pdf,.pdf,2721931,e33a810b216b487cb1965f55fe8acb0713d834aa897e47c75a2412e6d9c6688c,review_style_exemplar,available_local,Narrative/style exemplar; excluded from topical evidence unless independently eligible.
SRC0003,nature energy综述例子集合/Challenges and trends in automotive battery recycling.pdf,.pdf,1661816,9b7b0d3b376982857130ea11b6c3da61a53a39bbffce9edbabe744d25988e872,review_style_exemplar,available_local,Narrative/style exemplar; excluded from topical evidence unless independently eligible.
SRC0004,"nature energy综述例子集合/Challenges, technological pathways and trade-offs of perovskite solar modules for long-term operation.pdf",.pdf,1714100,06d27019f10322b853326c6474dc011bfe2de9999b57fdc0fb45e21c099188d1,review_style_exemplar,available_local,Narrative/style exemplar; excluded from topical evidence unless independently eligible.
SRC0005,nature energy综述例子集合/Emerging opportunities for high-temperature solid-state and gas-cycle heat pumps.pdf,.pdf,1953723,e168f7d11883980eb903c5adde2cddd10835389e71ca80cff65c27f47acb9e4b,review_style_exemplar,available_local,Narrative/style exemplar; excluded from topical evidence unless independently eligible.
SRC0006,nature energy综述例子集合/Emerging roles of cations in electrocatalytic reduction of CO₂ and CO.pdf,.pdf,2747196,665b9f5116f0a985424b6142d44769b193b21b09e6d66991121a5a933b63a816,review_style_exemplar,available_local,Narrative/style exemplar; excluded from topical evidence unless independently eligible.
SRC0007,nature energy综述例子集合/Formation pathway of high-efficiency kesterite solar cells fabricated through molecular ink chemistry.pdf,.pdf,2431038,d8b2428d1feed6f65b72d4d6d67d8734424c517c8078aab4e0484e855f00cddf,review_style_exemplar,available_local,Narrative/style exemplar; excluded from topical evidence unless independently eligible.
SRC0008,nature energy综述例子集合/Mitigating lead toxicity towards safer commercialization of perovskite solar cells.pdf,.pdf,2549716,47b7f076c2feda758ecd8b965435cf979234b030f542e1b568b0d4c1be45f167,review_style_exemplar,available_local,Narrative/style exemplar; excluded from topical evidence unless independently eligible.
SRC0009,nature energy综述例子集合/Present status of and future opportunities for all-perovskite tandem photovoltaics.pdf,.pdf,2762213,8ca5385095c6090940c6340b38981850addaf2517f24e84c7a6a1df6e79c99b3,review_style_exemplar,available_local,Narrative/style exemplar; excluded from topical evidence unless independently eligible.
SRC0010,nature energy综述例子集合/Spin-related and non-spin-related effects of magnetic fields on water oxidation.pdf,.pdf,2149260,3eab38b6e43e8144387bfd1da243980fd3ec3f41f04e11e72d082954b497f654,review_style_exemplar,available_local,Narrative/style exemplar; excluded from topical evidence unless independently eligible.
SRC0011,nature energy综述例子集合/Stabilizing lithium-metal electrodes with polymer coatings.pdf,.pdf,1835472,66a20b9238055da28865bebb38d3a0df1c18efabe685ed44dd8b7adaac8e4139,review_style_exemplar,available_local,Narrative/style exemplar; excluded from topical evidence unless independently eligible.
SRC0012,nature energy综述例子集合/Upscaling high-areal-capacity battery electrodes.pdf,.pdf,1887428,f892d260ae1cc3f7b14313bb3ebdb0ca35ac9bec08f942dd3daf45a5497af174,review_style_exemplar,available_local,Narrative/style exemplar; excluded from topical evidence unless independently eligible.
SRC0013,周跃宽本人论文/2024 An electricity-driven mobility circular economy with lifecycle carbon footprints for climate-adaptive carbon neutrality transformation.pdf,.pdf,22750172,007d6e92a4fd65ea23ad3b929ad7cc441c5a3d324f3b1a8c78f08054f2e0f5cf,candidate_study,available_local,Author-corpus candidate; repository presence does not imply inclusion.
SRC0014,周跃宽本人论文/2025 An Integrative lifecycle design approach based on carbon intensity for renewable-battery-consumer energy systems.pdf,.pdf,26724086,f571dd0bee758806483ddc70d684d799951cd4f4e34c6e4f9c3c270af4d1c865,candidate_study,available_local,Author-corpus candidate; repository presence does not imply inclusion.
SRC0015,周跃宽本人论文/2025 City information models for optimal EV charging and energy-resilient renaissance.pdf,.pdf,15650004,c8e5d005144d7c521b3f921242fb01f72555596361ca438ef788c59d3dd2edbd,candidate_study,available_local,Author-corpus candidate; repository presence does not imply inclusion.
SRC0016,周跃宽本人论文/2025 Lifecycle carbon intensity with embodied emissions of battery and hydrogen-driven integrative low-carbon systems.pdf,.pdf,3264546,14fcd6833e750bf7320200adf811822395607dfac59ca08047777c404971d37c,candidate_study,available_local,Author-corpus candidate; repository presence does not imply inclusion.
SRC0017,周跃宽本人论文/2026 Integrating renewable energy with electricvehicle charging infrastructure in China A strategyfor enhanced accessibility and carbon abatement.pdf,.pdf,7341213,5b860b930fedd01121994124be1e76a2838b1d8b70d8a052027164247ce6b77b,candidate_study,available_local,Author-corpus candidate; repository presence does not imply inclusion.
SRC0018,"周跃宽本人论文/March 18, 2025 Energy-resilient climate adaptation using a tailored life-cycle integrative design approach for national carbon abatement.pdf",.pdf,8161307,c166c890b4bd2156e2240563cba9dc23fcfbcaefe1569a13926a0bccae46e303,candidate_study,available_local,Author-corpus candidate; repository presence does not imply inclusion.
SRC0019,周跃宽的idea.docx,.docx,16815471,4b47947749fab40c676187820968aa1e693f64bfd507b18b817a382cf97c6a1a,idea_seed,available_local,Formal idea source; statements still require original-source verification.
SRC0020,案例论文/AI数据中心作为电网互动型资产_逐段翻译与深度解读.docx,.docx,708132,6152ed42549b169769e3ba1f4271c3a6c90f3335e23b1c4e2fd06c9480e5e9d4,reading_aid,available_local,Secondary reading aid; never cited instead of the original source.
SRC0021,案例论文/s41560-025-01927-1(1).pdf,.pdf,1293959,b4f8dfc6a41d110b7f05473f6ce4961d4956c9c9f716189af17e0f7ea271f6a2,seed_primary_candidate,available_local,Repository seed; subject to the same screening and coding rules.
